1,the
2,of
3,be
4,and
5,a
6,in
7,to
8,to
9,that
10,for
11,have
12,with
13,it
14,on
15,by
16,this
17,or
18,from
19,not
20,their
21,as
22,at
23,as
24,they
25,do
26,but
27,he
28,can
29,we
30,which
31,his
32,you
33,that
34,who
35,these
36,its
37,all
38,other
39,will
40,make
41,more
42,would
43,than
44,one
45,also
46,if
47,use
48,time
49,student
50,year
51,what
52,say
53,some
54,about
55,into
56,there
57,when
58,new
59,between
60,two
61,our
62,study
63,people
64,them
65,see
66,only
67,take
68,many
69,don't
70,your
71,first
72,group
73,could
74,how
75,those
76,school
77,find
78,so
79,child
80,way
81,system
82,more
83,high
84,up
85,no
86,state
87,through
88,world
89,program
90,social
91,my
92,because
93,one
94,such
95,should
96,she
97,out
98,then
99,go
100,woman
101,become
102,any
103,life
104,most
105,even
106,her
107,provide
108,get
109,however
110,each
111,give
112,know
113,come
114,while
115,like
116,during
117,research
118,teacher
119,problem
120,education
121,as
122,American
123,level
124,now
125,work
126,just
127,man
128,need
129,over
130,case
131,political
132,number
133,three
134,community
135,in
136,own
137,after
138,result
139,show
140,government
141,same
142,work
143,large
144,include
145,such
146,day
147,must
148,among
149,great
150,area
151,country
152,most
153,important
154,family
155,different
156,process
157,power
158,part
159,national
160,use
161,service
162,within
163,development
164,data
165,think
166,often
167,information
168,question
169,very
170,issue
171,another
172,effect
173,call
174,health
175,might
176,begin
177,us
178,change
179,table
180,policy
181,help
182,although
183,university
184,both
185,model
186,small
187,company
188,experience
189,good
190,me
191,activity
192,human
193,member
194,still
195,him
196,history
197,want
198,without
199,create
200,develop
201,war
202,suggest
203,economic
204,seem
205,well
206,low
207,law
208,under
209,relationship
210,look
211,behavior
212,much
213,both
214,value
215,public
216,require
217,role
218,against
219,write
220,place
221,far
222,when
223,difference
224,water
225,early
226,analysis
227,few
228,practice
229,fact
230,society
231,art
232,several
233,old
234,point
235,thing
236,right
237,too
238,thus
239,ask
240,where
241,control
242,form
243,learn
244,others
245,consider
246,report
247,about
248,rate
249,lead
250,significant
251,figure
252,factor
253,since
254,interest
255,allow
256,follow
257,culture
258,force
259,word
260,patient
261,here
262,need
263,base
264,every
265,whether
266,body
267,feel
268,class
269,including
270,population
271,appear
272,yet
273,international
274,age
275,participant
276,hold
277,before
278,college
279,city
280,music
281,technology
282,keep
283,mean
284,million
285,business
286,tell
287,local
288,market
289,idea
290,individual
291,four
292,effort
293,leave
294,center
295,type
296,offer
297,try
298,describe
299,person
300,believe
301,understand
302,second
303,remain
304,church
305,indicate
306,image
307,least
308,possible
309,subject
310,less
311,bring
312,young
313,science
314,parent
315,material
316,produce
317,continue
318,condition
319,photo
320,identify
321,down
322,end
323,test
324,home
325,knowledge
326,support
327,never
328,field
329,last
330,book
331,live
332,performance
333,project
334,response
335,toward
336,approach
337,support
338,action
339,receive
340,hand
341,physical
342,period
343,organization
344,black
345,increase
346,though
347,environmental
348,view
349,military
350,major
351,put
352,move
353,source
354,story
355,why
356,reason
357,themselves
358,according
359,line
360,nature
361,site
362,cultural
363,court
364,serve
365,skill
366,back
367,where
368,resource
369,sense
370,century
371,today
372,out
373,strategy
374,change
375,on
376,cost
377,long
378,theory
379,product
380,method
381,goal
382,teach
383,much
384,position
385,white
386,likely
387,note
388,well
389,president
390,represent
391,play
392,over
393,party
394,nation
395,care
396,turn
397,month
398,set
399,risk
400,general
401,decision
402,food
403,article
404,event
405,course
406,so
407,especially
408,similar
409,color
410,itself
411,environment
412,language
413,determine
414,treatment
415,structure
416,section
417,always
418,common
419,start
420,occur
421,current
422,available
423,meet
424,present
425,five
426,religious
427,next
428,personal
429,explain
430,term
431,something
432,energy
433,reduce
434,ability
435,add
436,long
437,build
438,measure
439,read
440,able
441,after
442,involve
443,movement
444,job
445,recent
446,specific
447,drug
448,kind
449,almost
450,focus
451,side
452,than
453,strong
454,region
455,relate
456,opportunity
457,there
458,worker
459,individual
460,space
461,evidence
462,perhaps
463,leader
464,quality
465,later
466,only
467,establish
468,big
469,land
470,author
471,sample
472,seek
473,compare
474,again
475,run
476,growth
477,institution
478,price
479,situation
480,natural
481,various
482,report
483,real
484,score
485,upon
486,together
487,once
488,standard
489,team
490,example
491,already
492,pay
493,best
494,money
495,management
496,scale
497,across
498,argue
499,degree
500,house
501,design
502,computer
503,plan
504,per
505,concern
506,training
507,state
508,therefore
509,examine
510,rule
511,pattern
512,industry
513,because
514,special
515,item
516,around
517,researcher
518,expect
519,certain
520,task
521,foreign
522,traditional
523,security
524,week
525,finding
526,positive
527,department
528,central
529,act
530,lose
531,grow
532,until
533,cause
534,matter
535,impact
536,less
537,text
538,reflect
539,learning
540,order
541,whose
542,free
543,name
544,recognize
545,star
546,context
547,either
548,variable
549,disease
550,rather
551,relation
552,species
553,maintain
554,African
555,concept
556,death
557,plant
558,discussion
559,size
560,hour
561,associate
562,third
563,difficult
564,attention
565,office
566,along
567,design
568,simply
569,particularly
570,sexual
571,purpose
572,address
573,her
574,define
575,mother
576,identity
577,economy
578,particular
579,choose
580,benefit
581,clear
582,survey
583,effective
584,apply
585,reach
586,contain
587,even
588,really
589,federal
590,success
591,speak
592,spend
593,understanding
594,production
595,form
596,place
597,association
598,off
599,late
600,reveal
601,range
602,assessment
603,affect
604,agency
605,sport
606,attitude
607,status
608,paper
609,necessary
610,finally
611,better
612,function
613,indeed
614,trade
615,private
616,present
617,global
618,fund
619,single
620,conflict
621,decade
622,achieve
623,conduct
624,object
625,critical
626,perform
627,choice
628,academic
629,TRUE
630,medical
631,pressure
632,American
633,let
634,cell
635,discuss
636,father
637,amount
638,carry
639,air
640,exist
641,friend
642,improve
643,observe
644,demonstrate
645,unit
646,total
647,six
648,modern
649,authority
650,set
651,raise
652,despite
653,literature
654,classroom
655,happen
656,full
657,educational
658,bad
659,head
660,result
661,experience
662,principle
663,early
664,poor
665,element
666,challenge
667,send
668,ever
669,share
670,all
671,teaching
672,draw
673,control
674,historical
675,probably
676,oil
677,sometimes
678,aspect
679,step
680,beyond
681,intervention
682,scientist
683,future
684,professional
685,character
686,loss
687,perspective
688,usually
689,basic
690,measure
691,tradition
692,adult
693,belief
694,sell
695,western
696,past
697,enough
698,procedure
699,test
700,category
701,fall
702,study
703,north
704,actually
705,tend
706,return
707,gender
708,throughout
709,face
710,technique
711,animal
712,outcome
713,significantly
714,generally
715,mind
716,recently
717,financial
718,billion
719,accept
720,future
721,mean
722,importance
723,application
724,feature
725,surface
726,building
727,like
728,influence
729,easy
730,right
731,director
732,network
733,reader
734,operation
735,game
736,hear
737,foot
738,minute
739,heart
740,administration
741,basis
742,ago
743,interaction
744,himself
745,agree
746,refer
747,earth
748,point
749,communication
750,negative
751,stand
752,former
753,primary
754,better
755,clearly
756,characteristic
757,enter
758,nearly
759,fail
760,instruction
761,rather
762,ground
763,stage
764,simple
765,light
766,European
767,lack
768,nothing
769,reality
770,agreement
771,obtain
772,potential
773,variety
774,talk
775,popular
776,buy
777,complete
778,moral
779,component
780,following
781,stock
782,eye
783,pass
784,respond
785,access
786,main
787,contribute
788,away
789,religion
790,legal
791,course
792,firm
793,account
794,far
795,assume
796,express
797,style
798,room
799,tool
800,investment
801,promote
802,participate
803,media
804,labor
805,tax
806,engage
807,south
808,review
809,additional
810,highly
811,majority
812,politics
813,appropriate
814,perception
815,property
816,staff
817,union
818,statement
819,page
820,reform
821,protect
822,before
823,publish
824,avoid
825,responsibility
826,no
827,encourage
828,successful
829,short
830,curriculum
831,little
832,key
833,nor
834,decide
835,open
836,car
837,quite
838,note
839,assess
840,view
841,client
842,instrument
843,Congress
844,relatively
845,west
846,claim
847,meaning
848,letter
849,bank
850,middle
851,limit
852,prevent
853,weight
854,committee
855,film
856,board
857,series
858,increase
859,professor
860,partner
861,directly
862,deal
863,previous
864,demand
865,sex
866,vision
867,act
868,faculty
869,female
870,hard
871,setting
872,attempt
873,half
874,Christian
875,influence
876,independent
877,list
878,generation
879,little
880,solution
881,direct
882,public
883,record
884,conclusion
885,democratic
886,around
887,exercise
888,civil
889,presence
890,scientific
891,original
892,argument
893,prepare
894,ethnic
895,die
896,version
897,complex
898,that
899,native
900,active
901,collection
902,male
903,claim
904,participation
905,direction
906,cover
907,capital
908,software
909,Indian
910,memory
911,leadership
912,focus
913,freedom
914,entire
915,blood
916,final
917,press
918,night
919,army
920,hospital
921,contrast
922,respondent
923,prove
924,wide
925,meeting
926,picture
927,failure
928,open
929,cause
930,defense
931,gas
932,end
933,nuclear
934,justice
935,internal
936,council
937,east
938,violence
939,Chinese
940,moment
941,threat
942,journal
943,regime
944,evaluation
945,plan
946,official
947,interview
948,income
949,past
950,girl
951,due
952,multiple
953,option
954,youth
955,possibility
956,treat
957,facility
958,user
959,face
960,discover
961,achievement
962,democracy
963,photograph
964,emerge
965,protection
966,extent
967,employee
968,terms
969,male
970,mental
971,district
972,piece
973,reading
974,gain
975,thought
976,town
977,drive
978,career
979,stress
980,explore
981,eat
982,consequence
983,whole
984,generate
985,street
986,spirit
987,arm
988,mission
989,conference
990,serious
991,content
992,device
993,cut
994,average
995,break
996,requirement
997,broad
998,grade
999,citizen
1000,feeling
1001,observation
1002,boy
1003,visual
1004,writing
1005,stop
1006,race
1007,artist
1008,answer
1009,river
1010,difficulty
1011,love
1012,outside
1013,base
1014,island
1015,soon
1016,back
1017,instead
1018,left
1019,British
1020,hundred
1021,realize
1022,advantage
1023,collect
1024,Soviet
1025,regional
1026,perceive
1027,Catholic
1028,ie
1029,manager
1030,urban
1031,powerful
1032,remove
1033,son
1034,female
1035,forest
1036,capacity
1037,educator
1038,increased
1039,writer
1040,introduce
1041,off
1042,cancer
1043,lot
1044,ensure
1045,crisis
1046,opinion
1047,select
1048,debate
1049,division
1050,whom
1051,moreover
1052,faith
1053,tree
1054,ten
1055,museum
1056,join
1057,emphasize
1058,win
1059,regarding
1060,sure
1061,strength
1062,behind
1063,institute
1064,operate
1065,expert
1066,anything
1067,extend
1068,connection
1069,second
1070,competition
1071,sector
1072,best
1073,rise
1074,voice
1075,commitment
1076,manage
1077,involved
1078,detail
1079,everything
1080,interpretation
1081,lie
1082,above
1083,sit
1084,evaluate
1085,thousand
1086,sun
1087,message
1088,conclude
1089,sea
1090,truth
1091,trial
1092,near
1093,notion
1094,increasingly
1095,location
1096,domestic
1097,distance
1098,marriage
1099,officer
1100,someone
1101,attend
1102,election
1103,consist
1104,regulation
1105,contemporary
1106,sign
1107,peace
1108,lesson
1109,reference
1110,consumer
1111,criteria
1112,web
1113,foundation
1114,background
1115,initial
1116,target
1117,easily
1118,adopt
1119,quickly
1120,comparison
1121,southern
1122,depend
1123,attempt
1124,implement
1125,standard
1126,predict
1127,pain
1128,employ
1129,hope
1130,definition
1131,athlete
1132,certainly
1133,remember
1134,news
1135,kill
1136,essential
1137,up
1138,contact
1139,force
1140,sound
1141,stay
1142,attack
1143,frequently
1144,colleague
1145,actual
1146,brain
1147,fish
1148,lawyer
1149,dimension
1150,account
1151,theme
1152,since
1153,largely
1154,planet
1155,link
1156,desire
1157,wall
1158,other
1159,speech
1160,overall
1161,useful
1162,construction
1163,consistent
1164,return
1165,mention
1166,distribution
1167,minority
1168,annual
1169,analyze
1170,range
1171,normal
1172,wife
1173,rest
1174,player
1175,expectation
1176,psychological
1177,unique
1178,road
1179,little
1180,each
1181,customer
1182,experiment
1183,trend
1184,exchange
1185,combine
1186,machine
1187,seven
1188,percentage
1189,doctor
1190,objective
1191,contribution
1192,implication
1193,fully
1194,enable
1195,eight
1196,organize
1197,eventually
1198,abuse
1199,else
1200,specifically
1201,currently
1202,right
1203,emotional
1204,replace
1205,locate
1206,exposure
1207,suffer
1208,progress
1209,chance
1210,scholar
1211,primarily
1212,enhance
1213,improvement
1214,flow
1215,spiritual
1216,commercial
1217,help
1218,beginning
1219,temperature
1220,estimate
1221,everyone
1222,expression
1223,phase
1224,rural
1225,typically
1226,above
1227,equipment
1228,growing
1229,long-term
1230,turn
1231,deep
1232,telescope
1233,responsible
1234,involvement
1235,expand
1236,topic
1237,core
1238,fear
1239,walk
1240,summer
1241,volume
1242,village
1243,visit
1244,approximately
1245,clinical
1246,play
1247,save
1248,limited
1249,propose
1250,substance
1251,fill
1252,enjoy
1253,framework
1254,existing
1255,document
1256,reaction
1257,peer
1258,creation
1259,code
1260,share
1261,king
1262,emphasis
1263,industrial
1264,session
1265,campaign
1266,external
1267,watch
1268,waste
1269,card
1270,human
1271,potential
1272,close
1273,average
1274,mean
1275,medicine
1276,red
1277,eastern
1278,climate
1279,investigation
1280,fight
1281,home
1282,thinking
1283,box
1284,mass
1285,alone
1286,scene
1287,complete
1288,explanation
1289,technical
1290,county
1291,executive
1292,adolescent
1293,mechanism
1294,soil
1295,description
1296,cognitive
1297,self
1298,vary
1299,symptom
1300,love
1301,reduction
1302,agent
1303,record
1304,engineering
1305,weapon
1306,call
1307,commission
1308,camera
1309,discipline
1310,fig
1311,construct
1312,fuel
1313,daily
1314,couple
1315,equal
1316,very
1317,disability
1318,arrive
1319,origin
1320,works
1321,concerned
1322,rich
1323,whereas
1324,being
1325,rely
1326,instead
1327,fundamental
1328,novel
1329,psychology
1330,frequency
1331,answer
1332,representation
1333,opposition
1334,transition
1335,assumption
1336,phone
1337,video
1338,supply
1339,German
1340,existence
1341,Internet
1342,speed
1343,muscle
1344,safety
1345,formal
1346,audience
1347,correlation
1348,discourse
1349,manner
1350,assistance
1351,universe
1352,comment
1353,victim
1354,galaxy
1355,combination
1356,challenge
1357,kid
1358,top
1359,increasing
1360,connect
1361,park
1362,hypothesis
1363,laboratory
1364,shape
1365,wear
1366,French
1367,phenomenon
1368,orientation
1369,healthy
1370,vehicle
1371,crime
1372,deliver
1373,addition
1374,planning
1375,error
1376,household
1377,cold
1378,limit
1379,cite
1380,name
1381,lack
1382,judgment
1383,away
1384,path
1385,cost
1386,date
1387,constitute
1388,relevant
1389,drop
1390,typical
1391,disorder
1392,candidate
1393,selection
1394,incorporate
1395,illustrate
1396,recommend
1397,fire
1398,cycle
1399,affair
1400,ultimately
1401,regular
1402,depression
1403,travel
1404,sky
1405,consideration
1406,editor
1407,balance
1408,previously
1409,skin
1410,arise
1411,wait
1412,file
1413,developing
1414  measurement,
1415,narrative
1416,interesting
1417,separate
1418,circumstance
1419,resident
1420,Jewish
1421,investigate
1422,recognition
1423,acknowledge
1424,engineer
1425,mode
1426,spring
1427,immediately
1428,similarly
1429,gene
1430,resistance
1431,sales
1432,questionnaire
1433,fit
1434,circle
1435,aid
1436,rating
1437,furthermore
1438,diversity
1439,northern
1440,practical
1441,below
1442,anxiety
1443,acquire
1444,lay
1445,catch
1446,intelligence
1447,store
1448,gifted
1449,charge
1450,soldier
1451,ignore
1452,pursue
1453,characterize
1454,differ
1455,essay
1456,song
1457,anyone
1458,institutional
1459,intend
1460,review
1461,interpret
1462,enough
1463,latter
1464,lake
1465,credit
1466,sort
1467,creative
1468,map
1469,television
1470,limitation
1471,painting
1472,push
1473,respect
1474,emission
1475,eliminate
1476,resolution
1477,implementation
1478,otherwise
1479,deal
1480,direct
1481,birth
1482,budget
1483,aware
1484,length
1485,recall
1486,search
1487,provision
1488,club
1489,numerous
1490,physician
1491,ancient
1492,wave
1493,significance
1494,heavy
1495,minister
1496,none
1497,revolution
1498,philosophy
1499,display
1500,part
1501,struggle
1502,professional
1503,radio
1504,digital
1505,capture
1506,publication
1507,battle
1508,variation
1509,police
1510,derive
1511,administrator
1512,alternative
1513,graduate
1514,threaten
1515,Japanese
1516,border
1517,completely
1518,therapy
1519,widely
1520,English
1521,whatever
1522,motivation
1523,mountain
1524,permit
1525,interested
1526,confirm
1527,Russian
1528,alternative
1529,merely
1530,contract
1531,initiative
1532,bone
1533,e-mail
1534,satisfaction
1535,pick
1536,imagine
1537,Latin
1538,hope
1539,fall
1540,immigrant
1541,employment
1542,regard
1543,brother
1544,landscape
1545,wrong
1546,neither
1547,estimate
1548,critic
1549,effectively
1550,era
1551,station
1552,husband
1553,safe
1554,divide
1555,approach
1556,fine
1557,cooperation
1558,door
1559,liberal
1560,farmer
1561,Arab
1562,deny
1563,check
1564,window
1565,bill
1566,transform
1567,close
1568,demand
1569,counselor
1570,absence
1571,imply
1572,drive
1573,morning
1574,farm
1575,insurance
1576,rise
1577,show
1578,reject
1579,diverse
1580,concentration
1581,comprehensive
1582,hot
1583,observer
1584,earn
1585,owner
1586,engine
1587,nevertheless
1588,musical
1589,prior
1590,moon
1591,testing
1592,link
1593,once
1594,willing
1595,floor
1596,evolution
1597,train
1598,intellectual
1599,wish
1600,exercise
1601,commit
1602,theology
1603,signal
1604,passage
1605,facilitate
1606,discovery
1607,edge
1608,biological
1609,dark
1610,introduction
1611,boundary
1612,awareness
1613,panel
1614,listen
1615,examination
1616,rock
1617,substantial
1618,PC
1619,ratio
1620,official
1621,injury
1622,strongly
1623,motion
1624,senior
1625,title
1626,damage
1627,criticism
1628,somewhat
1629,theoretical
1630,gain
1631,settlement
1632,revenue
1633,upper
1634,indigenous
1635,mark
1636,historian
1637,behavioral
1638,greatest
1639,literary
1640,light
1641,obvious
1642,independence
1643,yield
1644,constitution
1645,necessarily
1646,bird
1647,formation
1648,elite
1649,transfer
1650,impose
1651,slightly
1652,coach
1653,survive
1654,insight
1655,Indian
1656,dead
1657,will
1658,belong
1659,territory
1660,list
1661,bright
1662,conventional
1663,fewer
1664,personality
1665,top
1666,closely
1667,preparation
1668,newspaper
1669,inform
1670,close
1671,index
1672,guide
1673,bear
1674,crucial
1675,leg
1676,feed
1677,familiar
1678,effectiveness
1679,racial
1680,via
1681,detect
1682,born
1683,poverty
1684,enemy
1685,agricultural
1686,season
1687,proposal
1688,funding
1689,distinction
1690,refuse
1691,relative
1692,screen
1693,magazine
1694,convention
1695,identification
1696,extremely
1697,destroy
1698,shift
1699,pull
1700,release
1701,own
1702,zone
1703,green
1704,priority
1705,shift
1706,amendment
1707,secondary
1708,visit
1709,solve
1710,grant
1711,elementary
1712,domain
1713,monitor
1714,yes
1715,alcohol
1716,integration
1717,expose
1718,whole
1719,unless
1720,heat
1721,subsequent
1722,good
1723,Supreme
1724,hole
1725,strategic
1726,corporate
1727,preference
1728,fast
1729,chapter
1730,profession
1731,apparent
1732,impossible
1733,duty
1734,proper
1735,ready
1736,hit
1737,assign
1738,joint
1739,aim
1740,judge
1741,assist
1742,astronomer
1743,Asian
1744,daughter
1745,forward
1746,online
1747,prefer
1748,admit
1749,later
1750,exception
1751,entirely
1752,prevention
1753,profit
1754,root
1755,handle
1756,sign
1757,benefit
1758,colonial
1759,dependent
1760,ship
1761,master
1762,immediate
1763,before
1764,solar
1765,portion
1766,presentation
1767,gift
1768,insist
1769,trip
1770,proportion
1771,separate
1772,bar
1773,tension
1774,mostly
1775,composition
1776,personnel
1777,tissue
1778,universal
1779,norm
1780,danger
1781,conservation
1782,tendency
1783,representative
1784,exactly
1785,yourself
1786,considerable
1787,repeat
1788,respectively
1789,concerning
1790,equally
1791,band
1792,resolve
1793,competitive
1794,related
1795,consumption
1796,symbol
1797,decrease
1798,calculate
1799,United
1800,dominant
1801,nine
1802,extensive
1803,huge
1804,barrier
1805,advanced
1806,block
1807,Islamic
1808,motor
1809,severe
1810,strike
1811,mass
1812,adjustment
1813,virtually
1814,Canadian
1815,care
1816,investor
1817,shape
1818,declare
1819,integrate
1820,dominate
1821,pair
1822,establishment
1823,gather
1824,legislation
1825,entry
1826,worth
1827,experimental
1828,judge
1829,visible
1830,instructional
1831,infection
1832,present
1833,preserve
1834,stability
1835,invest
1836,efficiency
1837,atmosphere
1838,sequence
1839,nurse
1840,sing
1841,feedback
1842,gap
1843,decline
1844,Spanish
1845,welfare
1846,hence
1847,until
1848,process
1849,given
1850,sufficient
1851,maybe
1852,asset
1853,confidence
1854,genetic
1855,general
1856,dialogue
1857,conversation
1858,wind
1859,figure
1860,fourth
1861,republic
1862,onto
1863,distinct
1864,pose
1865,constitutional
1866,enterprise
1867,Mexican
1868,Republican
1869,transformation
1870,negotiation
1871,layer
1872,English
1873,blue
1874,scope
1875,vast
1876,coast
1877,neighborhood
1878,assert
1879,treaty
1880,troop
1881,psychologist
1882,total
1883,capability
1884,miss
1885,doctrine
1886,dance
1887,host
1888,appearance
1889,carbon
1890,arrangement
1891,issue
1892,reflection
1893,diet
1894,precisely
1895,electronic
1896,immigration
1897,decline
1898,distinguish
1899,agenda
1900,surround
1901,myself
1902,inside
1903,fruit
1904,hard
1905,correct
1906,retain
1907,Muslim
1908,expansion
1909,print
1910,evolve
1911,and/or
1912,reliability
1913,spread
1914,launch
1915,announce
1916,versus
1917,frame
1918,pollution
1919,truly
1920,ice
1921,incentive
1922,bond
1923,survival
1924,ideology
1925,rather
1926,constant
1927,soul
1928,recommendation
1929,track
1930,physics
1931,structural
1932,elsewhere
1933,appeal
1934,possess
1935,illness
1936,cope
1937,encounter
1938,membership
1939,apparently
1940,recovery
1941,protein
1942,rapidly
1943,adapt
1944,weak
1945,debt
1946,attract
1947,pound
1948,succeed
1949,crop
1950,utility
1951,movie
1952,initially
1953,intention
1954,fee
1955,collective
1956,rapid
1957,move
1958,cluster
1959,below
1960,throw
1961,camp
1962,ball
1963,reinforce
1964,corporation
1965,ethical
1966,advice
1967,display
1968,secretary
1969,conservative
1970,validity
1971,exhibit
1972,solid
1973,manufacturer
1974,unfortunately
1975,alliance
1976,stone
1977,oppose
1978,holy
1979,chief
1980,capable
1981,instructor
1982,brief
1983,ongoing
1984,ear
1985,order
1986,function
1987,neighbor
1988,ourselves
1989,communicate
1990,address
1991,partnership
1992,accomplish
1993,channel
1994,valuable
1995,ocean
1996,fat
1997,dream
1998,used
1999,shall
2000,forget
2001,by
2002,lab
2003,detailed
2004,key
2005,potentially
2006,wealth
2007,trait
2008,campus
2009,count
2010,variance
2011,administrative
2012,metal
2013,initiate
2014,adequate
2015,perceived
2016,diagnosis
2017,defend
2018,ideal
2019,chief
2020,massive
2021,plane
2022,settle
2023,instance
2024,accompany
2025,alter
2026,mathematics
2027,living
2028,post
2029,glass
2030,indicator
2031,twice
2032,strengthen
2033,expense
2034,statistics
2035,essentially
2036,suggestion
2037,thereby
2038,supply
2039,accurate
2040,sidebar
2041,invite
2042,organizational
2043,ministry
2044,winter
2045,prayer
2046,towards
2047,look
2048,assembly
2049,dramatic
2050,baby
2051,hair
2052,acceptance
2053,wood
2054,stress
2055,branch
2056,stable
2057,guideline
2058,consciousness
2059,spot
2060,Catholic
2061,hearing
2062,dangerous
2063,match
2064,extra
2065,happy
2066,Christian
2067,depth
2068,justify
2069,unable
2070,talk
2071,carefully
2072,advance
2073,notice
2074,trust
2075,profile
2076,statistical
2077,confront
2078,flight
2079,wild
2080,sensitive
2081,attribute
2082,surgery
2083,vote
2084,scenario
2085,valley
2086,under
2087,score
2088,rare
2089,chair
2090,document
2091,childhood
2092,exclude
2093,priest
2094,expensive
2095,attack
2096,advance
2097,regardless
2098,extreme
2099,developmental
2100,counseling
2101,dog
2102,perfect
2103,provider
2104,sustain
2105,another
2106,leading
2107,consensus
2108,possibly
2109,charge
2110,adjust
2111,sister
2112,seat
2113,rarely
2114,specialist
2115,slowly
2116,mutual
2117,exhibition
2118,fly
2119,install
2120,trouble
2121,radical
2122,bed
2123,chemical
2124,commonly
2125,award
2126,feature
2127,famous
2128,travel
2129,virtue
2130,equation
2131,inner
2132,chip
2133,evident
2134,processing
2135,attach
2136,dynamics
2137,emotion
2138,export
2139,depict
2140,administer
2141,head
2142,actor
2143,fair
2144,regression
2145,ecological
2146,vessel
2147,particle
2148,criminal
2149,ordinary
2150,poem
2151,efficient
2152,chemical
2153,speaker
2154,practitioner
2155,dispute
2156,purchase
2157,fear
2158,highlight
2159,bit
2160,successfully
2161,stream
2162,plus
2163,complexity
2164,intensity
2165,favor
2166,reasonable
2167,transfer
2168,input
2169,visitor
2170,loan
2171,wonder
2172,sound
2173,ultimate
2174,armed
2175,photograph
2176,theological
2177,Senate
2178,hill
2179,secure
2180,remaining
2181,remind
2182,impairment
2183,fitness
2184,functional
2185,mainly
2186,rate
2187,translate
2188,living
2189,consequently
2190,copy
2191,dozen
2192,magnitude
2193,question
2194,bishop
2195,dry
2196,agriculture
2197,so-called
2198,distribute
2199,lead
2200,gold
2201,employer
2202,myth
2203,scheme
2204,utilize
2205,egg
2206,driver
2207,occasion
2208,ethics
2209,vital
2210,concentrate
2211,exceed
2212,summary
2213,manufacturing
2214,format
2215,divine
2216,hall
2217,politician
2218,maker
2219,technological
2220,parental
2221,liberty
2222,last
2223,convert
2224,column
2225,request
2226,chain
2227,overcome
2228,disk
2229,herself
2230,half
2231,database
2232,innovation
2233,obligation
2234,theater
2235,fresh
2236,permanent
2237,demographic
2238,middle
2239,affiliation
2240,bay
2241,tribe
2242,inquiry
2243,outside
2244,violent
2245,Israeli
2246,aggressive
2247,analyst
2248,acid
2249,roughly
2250,no
2251,abandon
2252,output
2253,shoot
2254,either
2255,payment
2256,collaboration
2257,etc
2258,cash
2259,found
2260,meaningful
2261,guy
2262,resist
2263,tie
2264,bias
2265,drink
2266,extension
2267,excellent
2268,coverage
2269,habitat
2270,delivery
2271,empirical
2272,chronic
2273,quarter
2274,gun
2275,guide
2276,widespread
2277,cloud
2278,prominent
2279,fiction
2280,height
2281,bind
2282,correlate
2283,promise
2284,route
2285,prime
2286,bottom
2287,peak
2288,package
2289,forth
2290,nonetheless
2291,evening
2292,front
2293,phrase
2294,attorney
2295,likely
2296,cross
2297,worry
2298,logic
2299,library
2300,maintenance
2301,principal
2302,saving
2303,hardly
2304,respect
2305,helpful
2306,search
2307,tie
2308,contact
2309,plastic
2310,compete
2311,simultaneously
2312,clean
2313,density
2314,constraint
2315,slave
2316,storage
2317,God
2318,beauty
2319,undergo
2320,command
2321,pilot
2322,narrow
2323,garden
2324,victory
2325,lower
2326,unlike
2327,burn
2328,metaphor
2329,learner
2330,tiny
2331,sacred
2332,black
2333,hire
2334,dynamic
2335,seriously
2336,seed
2337,ecosystem
2338,circuit
2339,oral
2340,satellite
2341,meanwhile
2342,tank
2343,relief
2344,ritual
2345,verbal
2346,hide
2347,estate
2348,newly
2349,mechanical
2350,prison
2351,habit
2352,burden
2353,economics
2354,marketing
2355,proposed
2356,beach
2357,fishing
2358,prospect
2359,assignment
2360,coalition
2361,workshop
2362,changing
2363,regulate
2364,written
2365,undertake
2366,occupy
2367,deeply
2368,discrimination
2369,DNA
2370,unity
2371,wage
2372,embrace
2373,pool
2374,self-esteem
2375,load
2376,greatly
2377,sentence
2378,ideological
2379,graph
2380,fairly
2381,Palestinian
2382,restriction
2383,release
2384,battery
2385,engagement
2386,organism
2387,motivate
2388,unlikely
2389,consultant
2390,promise
2391,compose
2392,other
2393,afford
2394,intense
2395,leaf
2396,mix
2397,unusual
2398,bacteria
2399,earnings
2400,autonomy
2401,aesthetic
2402,run
2403,along
2404,cheap
2405,producer
2406,frequent
2407,competence
2408,fashion
2409,hotel
2410,subject
2411,meter
2412,aim
2413,press
2414,accuracy
2415,proceed
2416,start
2417,acceptable
2418,surprising
2419,mirror
2420,maximum
2421,restrict
2422,unknown
2423,conception
2424,incident
2425,beautiful
2426,slow
2427,comprise
2428,cooperative
2429,enforcement
2430,wisdom
2431,rest
2432,rank
2433,heritage
2434,emergency
2435,volunteer
2436,appreciate
2437,approve
2438,communist
2439,mere
2440,civilian
2441,consistently
2442,ally
2443,province
2444,transportation
2445,negotiate
2446,soft
2447,struggle
2448,consume
2449,electric
2450,twenty
2451,recover
2452,provided
2453,migration
2454,fiber
2455,boat
2456,practice
2457,minimize
2458,disappear
2459,marine
2460,spectrum
2461,organic
2462,depending
2463,opposite
2464,market
2465,finish
2466,narrative
2467,target
2468,coefficient
2469,entity
2470,chairman
2471,breast
2472,modify
2473,empire
2474,Roman
2475,lens
2476,realm
2477,cable
2478,absolute
2479,secular
2480,obviously
2481,response
2482,refugee
2483,educate
2484,port
2485,array
2486,shared
2487,counterpart
2488,interact
2489,sheet
2490,plate
2491,symbolic
2492,violation
2493,virus
2494,working
2495,content
2496,advocate
2497,render
2498,punishment
2499,guidance
2500,meal
2501,shoulder
2502,lift
2503,illustration
2504,separation
2505,concern
2506,quick
2507,inspire
2508,blind
2509,steel
2510,regularly
2511,enormous
2512,doubt
2513,routine
2514,presidential
2515,vs
2516,regulatory
2517,careful
2518,heavily
2519,regard
2520,sin
2521,abstract
2522,foster
2523,FALSE
2524,imagination
2525,touch
2526,opening
2527,comfortable
2528,mistake
2529,iron
2530,comment
2531,exploration
2532,fan
2533,rule
2534,portfolio
2535,tip
2536,radiation
2537,approval
2538,Bible
2539,knee
2540,parameter
2541,continuous
2542,mortality
2543,biology
2544,distant
2545,infant
2546,well-being
2547,colony
2548,due
2549,undermine
2550,celebrate
2551,schedule
2552,electricity
2553,suddenly
2554,mask
2555,destruction
2556,uncertainty
2557,cover
2558,superior
2559,politically
2560,civilization
2561,gradually
2562,conceptual
2563,transmission
2564,hang
2565,statute
2566,restore
2567,housing
2568,paradigm
2569,segment
2570,originally
2571,diagram
2572,artistic
2573,fishery
2574,protocol
2575,escape
2576,league
2577,dust
2578,weather
2579,except
2580,minor
2581,principal
2582,deficit
2583,reserve
2584,classify
2585,relative
2586,astronomy
2587,governor
2588,expertise
2589,inventory
2590,subscale
2591,continued
2592,adolescent
2593,predictor
2594,clinic
2595,married
2596,occupation
2597,poetry
2598,prediction
2599,improved
2600,warn
2601,tube
2602,everyday
2603,shop
2604,custom
2605,partly
2606,athletic
2607,underlying
2608,naturally
2609,satisfy
2610,cup
2611,supposed
2612,statistically
2613,placement
2614,moderate
2615,front
2616,vote
2617,abortion
2618,grant
2619,factory
2620,access
2621,patient
2622,encounter
2623,creativity
2624,impression
2625,methodology
2626,nineteenth
2627,ring
2628,interval
2629,telephone
2630,vulnerable
2631,offer
2632,legislative
2633,royal
2634,spatial
2635,submit
2636,adoption
2637,journey
2638,readily
2639,store
2640,consent
2641,medium
2642,tough
2643,quantity
2644,step
2645,sight
2646,noise
2647,mystery
2648,scholarship
2649,tumor
2650,integrated
2651,productivity
2652,interview
2653,tribal
2654,twentieth
2655,explicitly
2656,long
2657,talent
2658,grand
2659,except
2660,insect
2661,ownership
2662,net
2663,sensitivity
2664,founder
2665,remote
2666,prior
2667,poet
2668,elderly
2669,fund
2670,thin
2671,storm
2672,alpha
2673,neck
2674,reliable
2675,apart
2676,compliance
2677,undergraduate
2678,Democrat
2679,humanity
2680,availability
2681,systematic
2682,classical
2683,operating
2684,properly
2685,bag
2686,stick
2687,molecule
2688,historically
2689,pure
2690,corner
2691,honor
2692,probability
2693,activist
2694,criticize
2695,rhetoric
2696,traditionally
2697,advocate
2698,commerce
2699,tone
2700,pleasure
2701,normally
2702,informal
2703,demonstration
2704,through
2705,aggression
2706,acquisition
2707,health-care
2708,mood
2709,critique
2710,surprise
2711,suicide
2712,legitimate
2713,likelihood
2714,filter
2715,similarity
2716,complain
2717,illegal
2718,opponent
2719,inherent
2720,actively
2721,sovereignty
2722,academy
2723,govern
2724,horse
2725,constantly
2726,lecture
2727,cross
2728,complaint
2729,laser
2730,math
2731,remarkable
2732,sharp
2733,sophisticated
2734,ethnicity
2735,hero
2736,literacy
2737,plot
2738,flow
2739,reward
2740,integrity
2741,electron
2742,disaster
2743,deep
2744,emerging
2745,selected
2746,restaurant
2747,devote
2748,Muslim
2749,folk
2750,inflation
2751,mark
2752,marry
2753,urge
2754,specify
2755,likewise
2756,conduct
2757,sphere
2758,correspond
2759,suit
2760,stimulus
2761,trade
2762,linear
2763,quote
2764,infrastructure
2765,baseline
2766,investigator
2767,judicial
2768,desert
2769,parish
2770,model
2771,magnetic
2772,warm
2773,inclusion
2774,explicit
2775,passion
2776,socially
2777,forum
2778,for
2779,gay
2780,witness
2781,resemble
2782,research
2783,fifth
2784,convey
2785,enroll
2786,check
2787,evolutionary
2788,angle
2789,retirement
2790,friendship
2791,geography
2792,Hispanic
2793,orbit
2794,assure
2795,sugar
2796,European
2797,weakness
2798,virtual
2799,arrange
2800,aircraft
2801,photography
2802,missile
2803,count
2804,medication
2805,surely
2806,compound
2807,pretty
2808,necessity
2809,abroad
2810,rain
2811,dose
2812,hierarchy
2813,bus
2814,witness
2815,congressional
2816,meat
2817,mount
2818,obstacle
2819,import
2820,portray
2821,guarantee
2822,bridge
2823,equality
2824,suspect
2825,convince
2826,formula
2827,date
2828,twin
2829,citizenship
2830,trace
2831,productive
2832,tale
2833,recruit
2834,but
2835,absorb
2836,architecture
2837,dilemma
2838,liability
2839,Irish
2840,observatory
2841,senator
2842,progressive
2843,chart
2844,missionary
2845,episode
2846,fight
2847,mouth
2848,translation
2849,house
2850,German
2851,salary
2852,sanction
2853,voter
2854,terrorism
2855,conversion
2856,socioeconomic
2857,double
2858,stuff
2859,journalist
2860,nerve
2861,request
2862,classification
2863,tour
2864,intellectual
2865,philosophical
2866,construct
2867,traffic
2868,stretch
2869,thank
2870,flower
2871,label
2872,yard
2873,ceremony
2874,fluid
2875,fix
2876,AM
2877,articulate
2878,pace
2879,nearby
2880,hardware
2881,continuing
2882,advise
2883,random
2884,transaction
2885,profound
2886,required
2887,violate
2888,raw
2889,qualitative
2890,ideal
2891,rice
2892,balance
2893,occasionally
2894,rational
2895,summarize
2896,attractive
2897,truck
2898,anticipate
2899,value
2900,shot
2901,classic
2902,paint
2903,atom
2904,nationalism
2905,thanks
2906,attribute
2907,currency
2908,dramatically
2909,fellow
2910,identical
2911,portrait
2912,shadow
2913,ahead
2914,differently
2915,stake
2916,minimum
2917,creature
2918,narrator
2919,slide
2920,subsequently
2921,lifestyle
2922,vitamin
2923,objective
2924,motive
2925,coastal
2926,reputation
2927,sum
2928,cast
2929,isolation
2930,venture
2931,sleep
2932,vegetable
2933,label
2934,mandate
2935,consistency
2936,warning
2937,contend
2938,sale
2939,prompt
2940,unlike
2941,drawing
2942,representative
2943,sustainable
2944,culturally
2945,duration
2946,organ
2947,ought
2948,optical
2949,controversy
2950,efficacy
2951,invasion
2952,accident
2953,positively
2954,disagree
2955,elect
2956,ancestor
2957,apple
2958,survey
2959,alive
2960,migrant
2961,calculation
2962,favor
2963,beat
2964,overall
2965,comparable
2966,taste
2967,rehabilitation
2968,favorite
2969,entitle
2970,lifetime
2971,nutrient
2972,revolutionary
2973,minimal
2974,graduate
2975,isolate
2976,grain
2977,willingness
2978,Iraqi
2979,concrete
2980,additionally
2981,jurisdiction
2982,wing
2983,electrical
2984,military
2985,textbook
2986,equity
2987,comet
2988,matter
2989,flexibility
2990,residential
2991,imagery
2992,promotion
2993,tourist
2994,slow
2995,crew
2996,dinner
2997,developed
2998,collapse
2999,short
3000,essence